epoch,global_step,step,tmp_loss,tmp_ppl,mean_loss,mean_ppl,n_token_real,n_token_total,epoch_time
1,2,2,10.572096824645996,42.752445220947266,10.572096824645996,42.752445220947266,2395,2400,8.003276109695435
1,3,3,11.0557861328125,106.59040069580078,10.813941478729248,74.67142295837402,4795,4800,15.994457483291626
1,4,4,11.007755279541016,87.21631622314453,10.878546078999838,78.85305404663086,6490,6496,22.209771394729614
1,5,5,10.279336929321289,42.13117599487305,10.7287437915802,69.6725845336914,8887,8896,30.500712156295776
1,6,6,10.937469482421875,84.72172546386719,10.770488929748534,72.68241271972656,11283,11296,38.014352560043335
1,7,7,10.293659210205078,65.9510269165039,10.691017309824625,71.56051508585612,12243,12256,41.73381519317627
1,8,8,10.864923477172852,72.71524047851562,10.71586104801723,71.72547585623605,13235,13248,45.19873404502869
1,9,9,10.597311973571777,54.841617584228516,10.701042413711548,69.61499357223511,15505,15520,52.978524684906006
1,10,10,11.093582153320312,71.1126708984375,10.744657940334744,69.78140216403537,17903,17920,60.700258016586304
1,11,11,10.703069686889648,83.55827331542969,10.740499114990234,71.15908927917481,19967,19984,67.8350203037262
1,12,12,10.664318084716797,75.28927612304688,10.733573566783559,71.5345608104359,22367,22384,75.23897743225098
1,13,13,10.484895706176758,58.85619354248047,10.712850411732992,70.47803020477295,24763,24784,83.31314086914062
1,14,14,10.515466690063477,50.79405975341797,10.697667048527645,68.9638786315918,26649,26672,90.046865940094
1,15,15,10.847480773925781,82.09510803222656,10.708368028913226,69.90182358877999,27845,27872,94.6014633178711
1,16,16,10.870899200439453,84.06417846679688,10.719203440348307,70.84598058064779,28594,28624,97.58561062812805
1,17,17,10.810710906982422,64.38810729980469,10.72492265701294,70.44236350059509,30989,31024,105.73927211761475
1,18,18,10.611467361450195,43.77140426635742,10.718248816097484,68.87348354563994,33388,33424,113.501300573349
1,19,19,10.761033058166504,72.93022155761719,10.720625718434652,69.09885787963867,35787,35824,121.67051529884338
1,20,20,10.736480712890625,77.49607849121094,10.721460191827072,69.5408168591951,38184,38224,128.95534777641296
1,21,21,10.26203727722168,45.472408294677734,10.698489046096801,68.33739643096924,40583,40624,137.05873322486877
1,22,22,10.459859848022461,68.5975112915039,10.687125750950404,68.34978285289947,42982,43024,145.2191503047943
1,23,23,11.003328323364258,91.31979370117188,10.701498595151035,69.39387425509366,43812,43856,148.5534474849701
1,24,24,10.66439437866211,71.5189437866211,10.699885368347168,69.48626858255138,45459,45504,154.76704835891724
1,25,25,10.366497993469238,53.424964904785156,10.685994227727255,68.81704759597778,47666,47712,162.31552386283875
1,26,26,10.768098831176758,80.59723663330078,10.689278411865235,69.2882551574707,48257,48304,165.21350836753845
1,27,27,10.55337905883789,79.2496109008789,10.684051513671875,69.67138422452487,49663,49712,169.78545665740967
1,28,28,10.660045623779297,57.25082015991211,10.683162406638816,69.21136333324291,52059,52112,178.0015890598297
1,29,29,10.124405860900879,38.78530502319336,10.663206815719604,68.12471839359829,54458,54512,185.98868036270142
1,30,30,10.325868606567383,56.737396240234375,10.651574463679873,67.7320521124478,56730,56784,193.80599641799927
1,31,31,10.766242980957031,56.84376525878906,10.655396747589112,67.36910921732584,59130,59184,201.2506926059723
1,32,32,10.389241218566895,43.83910369873047,10.646811085362588,66.61007678124213,61529,61584,209.54019832611084
1,33,33,10.201337814331055,42.54747009277344,10.632890045642853,65.85812032222748,63924,63984,217.8126242160797
1,34,34,10.536161422729492,60.33211135864258,10.629958875251539,65.69066550514914,65811,65872,224.5719392299652
1,35,35,10.94337272644043,101.6301040649414,10.639176929698271,66.74770781573127,67171,67232,229.47680616378784
1,36,36,10.257266998291016,45.17682647705078,10.62826521737235,66.1313969203404,69571,69632,237.73176193237305
1,37,37,11.139785766601562,97.89035034179688,10.642474121517605,67.01359007093642,71970,72032,245.32072114944458
1,38,38,10.300385475158691,58.70671463012695,10.633228482426825,66.78907992388751,73745,73808,251.80451774597168
1,39,39,10.541983604431152,72.36774444580078,10.630827301426939,66.9358868849905,75841,75904,259.20161652565
1,40,40,10.352900505065918,86.17469024658203,10.623700973315117,67.4291895352877,77327,77392,264.6566255092621
1,41,41,10.630615234375,69.64179229736328,10.623873829841614,67.4845046043396,79725,79792,271.7849135398865
1,42,42,10.52935791015625,64.40351867675781,10.621568563507825,67.4093586061059,81179,81248,277.3974962234497
1,43,43,10.898530006408691,74.90161895751953,10.628162883576893,67.58774575733003,83193,83264,284.43564105033875
1,44,44,10.19145393371582,58.21261978149414,10.6180068614871,67.36971957184548,84793,84864,290.0076804161072
1,45,45,10.458070755004883,66.84148406982422,10.61437194997614,67.35771421952681,86566,86640,296.67866706848145
1,46,46,10.27298641204834,55.14940643310547,10.606785604688856,67.08641849093966,88308,88384,302.8866777420044
1,47,47,10.630176544189453,79.94608306884766,10.607294103373652,67.36597641654636,89874,89952,308.7830924987793
1,48,48,10.542596817016602,70.20098114013672,10.605917565366054,67.42629566598445,90658,90736,311.75627160072327
1,49,49,10.30722713470459,60.951900482177734,10.599694848060608,67.29141243298848,91794,91872,315.7783417701721
1,50,50,10.573408126831055,58.89718246459961,10.599158384362045,67.12010161730709,94194,94272,323.84462904930115
1,51,51,10.915096282958984,101.50408935546875,10.605477142333985,67.80778137207031,95712,95792,329.3949911594391
1,52,52,10.500969886779785,60.07191467285156,10.603427980460372,67.65609771130131,98110,98192,337.2988865375519
1,53,53,10.750539779663086,78.86964416503906,10.606257053521963,67.87174283541165,99534,99616,342.12563729286194
1,54,54,10.587207794189453,61.47563552856445,10.605897633534557,67.75106156547115,101932,102016,349.1895749568939
1,55,55,9.98827838897705,37.02781295776367,10.594460240116826,67.18211251718027,104329,104416,356.68889141082764
1,56,56,10.536163330078125,70.92990112304688,10.59340029629794,67.25025412819602,106073,106160,363.08651661872864
1,57,57,9.777502059936523,40.637176513671875,10.578830684934344,66.77502059936523,108469,108560,371.0060348510742
1,58,58,10.389469146728516,62.705413818359375,10.575508552685118,66.70362398917214,110867,110960,378.98249554634094
1,59,59,10.113959312438965,57.45267105102539,10.567550807163633,66.54412480058342,112337,112432,383.93174862861633
1,60,60,10.434097290039062,63.01474380493164,10.565288883144573,66.48430478370796,114737,114832,392.13136887550354
1,61,61,10.661672592163086,87.66227722167969,10.566895278294881,66.83727099100749,116048,116144,396.8403322696686
1,62,62,10.304814338684082,54.79521942138672,10.562598869448802,66.63986030953829,117278,117376,401.3785390853882
1,63,63,10.00008487701416,41.123146057128906,10.553526063119211,66.22830040224137,119674,119776,409.64496207237244
1,64,64,10.484232902526855,80.13126373291016,10.552426171681237,66.44898235987104,120602,120704,412.98073148727417
1,65,65,9.806833267211914,34.341400146484375,10.540776282548904,65.94730138778687,122999,123104,420.6162714958191
1,66,66,10.32498836517334,89.73561096191406,10.537456468435435,66.31327538123497,125388,125504,428.84550309181213
1,67,67,10.27637767791748,67.1447982788086,10.533500729185162,66.32587421301639,126489,126608,433.1157417297363
1,68,68,10.034767150878906,52.38798522949219,10.526056944434323,66.11784601923245,128886,129008,441.31235671043396
1,69,69,10.355226516723633,69.49394226074219,10.523544732262106,66.1674944933723,130259,130384,446.53418350219727
1,70,70,10.283838272094727,69.64527893066406,10.520070725593014,66.21789716637653,130754,130880,448.8971083164215
1,71,71,9.951810836791992,42.30335235595703,10.511952727181571,65.87626081194196,132802,132928,455.7362332344055
1,72,72,10.059879302978516,49.8026008605957,10.505585495854767,65.64987123516244,134642,134768,462.2690453529358
1,73,73,10.062405586242676,61.63266372680664,10.499430219332377,65.59407668643527,137039,137168,469.5673916339874
1,74,74,10.269818305969238,88.03278350830078,10.49628485065617,65.90145623194029,139437,139568,476.8349733352661
1,75,75,10.539703369140625,54.34138107299805,10.496871587392446,65.74523900006268,140570,140704,481.1169898509979
1,76,76,10.179754257202148,45.984771728515625,10.492643356323242,65.48176610310873,142137,142272,487.0642433166504
1,77,77,10.202214241027832,70.3577880859375,10.48882192059567,65.54592428709331,143351,143488,491.0701916217804
1,78,78,9.811113357543945,42.31640625,10.480020510685907,65.24424223466353,145749,145888,499.1622860431671
1,79,79,10.578604698181152,71.36557006835938,10.481284410525591,65.32272079663399,146773,146912,502.80674719810486
1,80,80,10.154386520385742,58.07828903198242,10.477146462549138,65.23101912872701,148177,148320,507.5736939907074
1,81,81,9.995575904846191,64.78826141357422,10.47112683057785,65.2254846572876,149441,149584,512.29434633255
1,82,82,9.979722023010254,55.98920440673828,10.465060104558498,65.11145650604625,151841,151984,519.9839026927948
1,83,83,9.67698860168457,31.686241149902344,10.45544947647467,64.7038319285323,154240,154384,527.521977186203
1,84,84,9.653688430786133,47.32289123535156,10.445789704839868,64.49442300451807,156639,156784,535.6344375610352
1,85,85,9.301973342895508,43.99456787109375,10.432172843388148,64.25037711007255,158191,158336,541.4055972099304
1,86,86,10.384843826293945,62.48525619506836,10.431616031422335,64.22961098166073,160586,160736,549.0593872070312
1,87,87,9.724759101867676,47.22798538208008,10.423396764799605,64.03191766073537,162984,163136,556.8400702476501
1,88,88,9.455962181091309,38.7391242980957,10.412276827055832,63.74119589794641,165383,165536,564.2032701969147
1,89,89,9.929601669311523,71.23828125,10.406791882081466,63.826390049674295,166919,167072,569.5033657550812
1,90,90,9.721375465393066,57.541500091552734,10.399090574028786,63.755773308571804,169079,169232,577.0497388839722
1,91,91,9.476460456848145,36.768455505371094,10.388839128282335,63.45591422186958,171478,171632,585.2601449489594
1,92,92,9.8053617477417,46.463626861572266,10.382427288935734,63.269185789338835,173876,174032,592.6968266963959
1,93,93,10.243609428405762,81.58463287353516,10.380918399147365,63.468266735906184,175188,175344,597.6153450012207
2,94,94,9.996545791625977,53.01948547363281,9.996545791625977,53.01948547363281,1196,1200,4.469757318496704
2,95,95,9.328475952148438,33.533226013183594,9.662510871887207,43.2763557434082,3596,3600,11.71897840499878
2,96,96,9.178567886352539,34.55649948120117,9.50119654337565,40.369736989339195,5993,6000,19.14763116836548
2,97,97,9.214872360229492,48.517433166503906,9.429615497589111,42.40666103363037,7592,7600,24.589632749557495
2,98,98,9.255547523498535,39.22666931152344,9.394801902770997,41.77066268920898,9990,10000,31.884233951568604
2,99,99,9.523425102233887,43.818077087402344,9.416239102681478,42.11189842224121,12388,12400,38.877098083496094
2,100,100,9.664697647094727,54.20548629760742,9.451733180454799,43.83955383300781,14788,14800,46.846649408340454
2,101,101,9.167360305786133,34.38864517211914,9.416186571121216,42.65819025039673,17185,17200,54.993906021118164
2,102,102,9.558833122253418,38.40610885620117,9.432036187913683,42.18573676215278,18272,18288,59.04797434806824
2,103,103,9.300493240356445,42.93663024902344,9.418881893157959,42.260826110839844,20668,20688,66.42408728599548
2,104,104,9.807234764099121,65.00450897216797,9.454186699607156,44.32843364368785,23067,23088,74.32796597480774
2,105,105,9.745473861694336,45.26375961303711,9.478460629781088,44.40637747446696,24456,24480,79.58706593513489
2,106,106,9.091240882873535,31.230005264282227,9.448674495403584,43.392810381375824,26853,26880,87.02496814727783
2,107,107,9.150899887084961,36.517086029052734,9.427404880523682,42.90168721335275,29248,29280,95.1527464389801
2,108,108,9.309863090515137,45.04495620727539,9.419568761189778,43.04457181294759,30847,30880,100.61752581596375
2,109,109,9.49215030670166,46.943214416503906,9.424105107784271,43.28823697566986,32588,32624,106.52611947059631
2,110,110,9.188642501831055,33.14305114746094,9.410254366257611,42.691461338716394,34987,35024,114.48695850372314
2,111,111,9.318016052246094,33.3059196472168,9.405130015479195,42.17004235585531,37384,37424,121.99827075004578
2,112,112,9.68717098236084,66.49529266357422,9.419974276894017,43.450318687840515,38599,38640,125.9978973865509
2,113,113,9.780255317687988,61.04308319091797,9.437988328933717,44.32995691299438,39559,39600,129.2333242893219
2,114,114,9.579863548278809,58.98177719116211,9.444744291759672,45.02766264052618,41205,41248,135.23223876953125
2,115,115,9.782425880432129,66.01268768310547,9.460093454881148,45.98152741518888,42628,42672,140.2370936870575
2,116,116,8.985101699829102,31.96714973449707,9.439441639444102,45.37220664646315,44835,44880,147.7855019569397
2,117,117,9.711034774780273,79.33040618896484,9.450758020083109,46.78713162740072,46178,46224,152.43515467643738
2,118,118,8.981331825256348,35.06705093383789,9.43198097229004,46.318328399658206,48577,48624,159.6783058643341
2,119,119,9.39863395690918,62.341033935546875,9.43069839477539,46.93458630488469,49056,49104,162.0545756816864
2,120,120,9.845216751098633,57.824615478515625,9.446050926491067,47.33792071872287,50188,50240,165.84332180023193
2,121,121,9.11575984954834,62.58228302001953,9.434254816600255,47.88236222948347,51723,51776,171.2300283908844
2,122,122,8.966878890991211,40.557273864746094,9.418138405372357,47.629772975527004,53497,53552,177.75418877601624
2,123,123,9.456960678100586,37.94015884399414,9.419432481129965,47.306785837809244,55383,55440,184.41533946990967
2,124,124,9.44303035736084,46.00529861450195,9.420193702943864,47.26480237899288,56647,56704,189.13760089874268
2,125,125,9.047776222229004,40.918113708496094,9.408555656671524,47.066468358039856,57639,57696,192.54041624069214
2,126,126,9.504989624023438,35.442718505859375,9.41147789810643,46.71423351403439,60038,60096,200.0308346748352
2,127,127,8.898728370666504,54.54685974121094,9.396397029652315,46.94460487365723,61526,61584,205.10229182243347
2,128,128,9.52957534790039,65.82108306884766,9.400202124459403,47.48393282209124,62838,62896,209.92750358581543
2,129,129,8.901957511901855,31.505651473999023,9.386361996332804,47.04009167353312,65235,65296,217.12268590927124
2,130,130,8.289896011352539,24.295181274414062,9.356727780522528,46.42536436544882,67634,67696,225.06933879852295
2,131,131,8.963313102722168,41.17586898803711,9.346374762685675,46.287219750253776,70033,70096,232.7761161327362
2,132,132,8.943623542785645,38.719635009765625,9.336047808329264,46.093179115882286,71873,71936,239.2624170780182
2,133,133,8.84975528717041,32.540740966796875,9.323890495300294,45.75436816215515,73937,74000,246.27914142608643
2,134,134,9.0404052734375,32.68105697631836,9.316976221596322,45.435506913720104,76328,76400,254.36553621292114
2,135,135,8.455972671508789,24.586881637573242,9.296476137070428,44.93911107381185,78724,78800,262.2564833164215
2,136,136,8.573101043701172,37.712039947509766,9.279653460480446,44.77103965226994,81122,81200,270.356867313385
2,137,137,9.190778732299805,43.773826599121094,9.277633580294522,44.74837571924383,82690,82768,276.34546875953674
2,138,138,9.020586967468262,43.600528717041016,9.271921433342827,44.722868008083765,84434,84512,282.55906105041504
2,139,139,8.264718055725098,18.68527603149414,9.250025707742441,44.15683339989704,86829,86912,290.5227596759796
2,140,140,8.841890335083008,52.62457275390625,9.241341976409263,44.33699806700361,88604,88688,296.92121863365173
2,141,141,8.769407272338867,43.60108947753906,9.231510003407797,44.321666638056435,89706,89792,300.984055519104
2,142,142,8.410478591918945,34.467708587646484,9.214754260316187,44.120565453354196,92106,92192,309.0355248451233
2,143,143,8.66250991821289,27.558109283447266,9.20370937347412,43.78931632995605,94506,94592,317.06936717033386
2,144,144,8.582639694213867,29.549671173095703,9.191531536625881,43.51010760139017,96906,96992,325.12135672569275
2,145,145,8.870227813720703,33.0411376953125,9.185352618877705,43.30878125704252,99305,99392,333.0089313983917
2,146,146,8.568678855895996,42.18321990966797,9.173717264859182,43.28754425048828,101465,101552,340.46978306770325
2,147,147,8.667440414428711,45.05686950683594,9.164341767628988,43.32030953301324,102695,102784,344.8989531993866
2,148,148,8.610208511352539,49.008174896240234,9.154266617514871,43.423725266890095,104101,104192,349.46629452705383
2,149,149,7.915702819824219,16.609041213989258,9.132149406841823,42.94489162308829,106499,106592,357.5396873950958
2,150,150,9.339881896972656,57.59376525878906,9.13579383649324,43.201889406170764,107523,107616,361.14181113243103
2,151,151,8.32595157623291,20.77884292602539,9.121831038902545,42.815285156513085,109922,110016,369.1985557079315
2,152,152,8.509263038635254,38.14073181152344,9.11144853042344,42.736055438801394,112018,112112,376.54333209991455
2,153,153,8.095767974853516,33.714019775390625,9.09452052116394,42.58568817774455,114408,114512,384.6898765563965
2,154,154,7.915844917297363,28.505531311035156,9.075197970280882,42.354865934028,116808,116912,392.43286323547363
2,155,155,7.948078155517578,19.747289657592773,9.057018618429861,41.990227606988725,119206,119312,400.5143473148346
2,156,156,8.697196960449219,49.57008743286133,9.05130716354128,42.11054284232004,120566,120672,405.35585021972656
2,157,157,7.939490795135498,31.8903865814209,9.033935032784939,41.950852900743484,121526,121632,408.9390354156494
2,158,158,7.92112922668457,25.119932174682617,9.016814943460318,41.691915658804085,123924,124032,416.7253921031952
2,159,159,8.668096542358398,35.40625762939453,9.01153133132241,41.59667841593424,126322,126432,424.5296721458435
2,160,160,8.483678817749023,22.892248153686523,9.003652935597435,41.31750781500517,128592,128704,432.18863821029663
2,161,161,7.958246231079102,25.818622589111328,8.988279307589812,41.08958303227144,130990,131104,439.16373014450073
2,162,162,8.188833236694336,32.75107955932617,8.976693132649297,40.968735155851945,132733,132848,445.339492559433
2,163,163,8.238922119140625,41.36714553833008,8.96615354674203,40.97442673274449,133482,133600,448.22170305252075
2,164,164,7.416261196136475,19.88129234313965,8.944324077015192,40.6773403328909,135881,136000,455.8757634162903
2,165,165,7.803975582122803,29.144718170166016,8.92848590347502,40.51716502507528,137768,137888,462.49241161346436
2,166,166,7.658175945281982,23.951950073242188,8.911084397198403,40.29024427231044,140167,140288,470.58395886421204
2,167,167,7.2412519454956055,19.82097625732422,8.888519093797013,40.0136325423782,142565,142688,478.38429856300354
2,168,168,8.47130012512207,37.89482116699219,8.882956174214682,39.98538172403971,144579,144704,485.4327518939972
2,169,169,7.667506217956543,33.212074279785156,8.866963411632337,39.89625925766794,146033,146160,490.81016516685486
2,170,170,7.575432777404785,19.335285186767578,8.850190286512499,39.62923362038352,148433,148560,497.7786498069763
2,171,171,7.538081169128418,17.072359085083008,8.833368374751164,39.340042921213005,150828,150960,505.96803307533264
2,172,172,8.48133659362793,32.585811614990234,8.828912276255933,39.25454632240006,152201,152336,510.807918548584
2,173,173,7.317095756530762,19.069429397583008,8.81001456975937,39.00223236083984,154598,154736,518.8339591026306
2,174,174,7.635746002197266,18.954748153686523,8.79551742694996,38.75473255581326,156995,157136,526.3392596244812
2,175,175,8.2637939453125,36.76664733886719,8.789032994247064,38.730487614143186,157825,157968,529.6258475780487
2,176,176,7.631923198699951,36.71328353881836,8.775091912373004,38.70618395058506,160225,160368,536.8962950706482
2,177,177,7.919960021972656,36.79940414428711,8.764911770820618,38.68348419098627,162225,162368,543.7450749874115
2,178,178,7.058481216430664,21.220144271850586,8.74483611723956,38.47803313311409,164621,164768,550.9386239051819
2,179,179,7.726449012756348,37.13901138305664,8.732994406722312,38.46246311276458,165212,165360,553.7258334159851
2,180,180,7.229614734649658,21.47530746459961,8.715714180606534,38.26720845014199,167610,167760,561.6954612731934
2,181,181,7.591411113739014,36.709983825683594,8.702938009392131,38.24951271577315,169162,169312,567.2415006160736
2,182,182,7.386394500732422,28.64728546142578,8.688145385699325,38.141622521904075,170631,170784,571.9517247676849
2,183,183,8.067185401916504,35.75218963623047,8.681245830323961,38.11507326761882,171415,171568,574.8537452220917
2,184,184,7.054555892944336,16.71807861328125,8.663370116726382,37.87994145823049,173686,173840,582.5319175720215
2,185,185,8.03249454498291,39.80721664428711,8.656512773555258,37.900890101557195,175204,175360,587.878178358078
3,186,186,7.815171241760254,44.336177825927734,7.815171241760254,44.336177825927734,1296,1296,4.669286489486694
3,187,187,6.886140823364258,31.53059959411621,7.350656032562256,37.93338871002197,2750,2752,10.139325618743896
3,188,188,7.800804138183594,36.323917388916016,7.500705401102702,37.39689826965332,5148,5152,18.362067937850952
3,189,189,7.563702583312988,29.57704734802246,7.516454696655273,35.441935539245605,6411,6416,23.161497354507446
3,190,190,7.5258636474609375,36.97543716430664,7.518336486816406,35.748635864257814,7002,7008,25.947623252868652
3,191,191,6.475466728210449,14.002324104309082,7.34452486038208,32.12425057093302,9399,9408,33.22641634941101
3,192,192,7.290707111358643,16.672927856445312,7.336836610521589,29.916918754577637,11671,11680,40.791998863220215
3,193,193,7.600761413574219,29.793561935424805,7.369827210903168,29.901499152183533,13444,13456,47.012083530426025
3,194,194,7.332084655761719,19.857776641845703,7.365633593665229,28.785529984368218,15842,15856,54.821144819259644
3,195,195,7.563891410827637,28.641794204711914,7.38545937538147,28.77115640640259,17312,17328,59.53754687309265
3,196,196,7.866448879241943,23.773839950561523,7.42918569391424,28.316854910417035,19711,19728,66.90417194366455
3,197,197,7.393608093261719,17.9595890045166,7.426220893859863,27.453749418258667,21980,22000,74.49838590621948
3,198,198,7.3342061042785645,25.43593406677246,7.41914283312284,27.298532852759728,24378,24400,81.75857400894165
3,199,199,6.95688533782959,23.097145080566406,7.386124440601894,26.99843372617449,26778,26800,89.34404516220093
3,200,200,7.2077484130859375,21.689979553222656,7.374232705434164,26.644536781311036,29177,29200,97.1358003616333
3,201,201,7.0720601081848145,11.404606819152832,7.355346918106079,25.692041158676147,31575,31600,105.16362762451172
3,202,202,6.954347610473633,20.650135040283203,7.331758723539465,25.395458445829505,33970,34000,113.2234206199646
3,203,203,6.624371528625488,22.2591609954834,7.292459434933132,25.221219698588055,36367,36400,120.6849992275238
3,204,204,6.281351089477539,11.751222610473633,7.239243206224944,24.512272483424137,38766,38800,128.50267267227173
3,205,205,6.564678192138672,18.27208137512207,7.20551495552063,24.200262928009032,41163,41200,135.79378414154053
3,206,206,7.370014190673828,31.12742805480957,7.213348252432687,24.530127934047155,43259,43296,143.0231659412384
3,207,207,7.293979644775391,24.169240951538086,7.217013315720991,24.513723980296742,45307,45344,149.90523838996887
3,208,208,6.496001243591309,18.833297729492188,7.185664964758831,24.266748925913934,47704,47744,158.02633380889893
3,209,209,6.365572929382324,20.795515060424805,7.15149446328481,24.122114181518555,50104,50144,166.02158212661743
3,210,210,6.533321380615234,13.119585990905762,7.126767539978028,23.682013053894043,52501,52544,173.52753520011902
3,211,211,6.9868879318237305,27.31985092163086,7.121387555049016,23.821929894960842,54900,54944,181.64595413208008
3,212,212,7.626049041748047,33.139739990234375,7.1400787212230545,24.167033972563566,56116,56160,185.62198996543884
3,213,213,6.046239852905273,11.98404312133789,7.101013047354562,23.731927156448364,58513,58560,193.27483820915222
3,214,214,6.702859878540039,19.146625518798828,7.087283627740268,23.573813306874243,60912,60960,200.61196517944336
3,215,215,7.628363609313965,33.45004653930664,7.105319627126058,23.903021081288657,61840,61888,203.8149185180664
3,216,216,6.231936454772949,19.494625091552734,7.0771459764049895,23.76081475903911,64238,64288,211.10606002807617
3,217,217,6.202988624572754,11.006152153015137,7.0498285591602325,23.36223155260086,66635,66688,219.1030056476593
3,218,218,6.727872371673584,18.472553253173828,7.040072311054576,23.214059482921254,69026,69088,227.24862360954285
3,219,219,7.194611072540283,31.70313835144043,7.044617568745332,23.463738273171817,70128,70192,231.32055163383484
3,220,220,6.323243141174316,31.86918830871582,7.024006870814732,23.703893988473073,71728,71792,236.82147979736328
3,221,221,7.336472511291504,23.069934844970703,7.032686471939087,23.686284012264675,72799,72864,240.90254402160645
3,222,222,7.182289123535156,31.40896987915039,7.036729786847089,23.895005251910234,75195,75264,248.94605898857117
3,223,223,6.355363845825195,16.31696891784668,7.018799104188618,23.69558324311909,77591,77664,256.7863304615021
3,224,224,7.113303184509277,28.805274963378906,7.021222285735301,23.826600979536007,78070,78144,259.0944616794586
3,225,225,6.2684783935546875,20.802194595336914,7.002403688430786,23.75099081993103,79910,79984,265.37597608566284
3,226,226,6.283231735229492,17.13922882080078,6.984862909084413,23.589728332147367,82309,82384,273.1682198047638
3,227,227,7.04856014251709,23.906797409057617,6.986379509880429,23.597277595883323,84053,84128,279.36011242866516
3,228,228,7.148820877075195,25.814830780029297,6.990157216094261,23.64884860016579,86452,86528,286.5815854072571
3,229,229,7.597123146057129,31.612451553344727,7.0039518963206895,23.8298395763744,87584,87664,290.52179431915283
3,230,230,6.832552909851074,23.514484405517578,7.000143029954699,23.822831683688694,88990,89072,295.36710143089294
3,231,231,7.573354721069336,26.516429901123047,7.012604153674582,23.8813881666764,90396,90480,300.1530466079712
3,232,232,7.017683029174805,26.280305862426758,7.012712214855438,23.932428968713637,92043,92128,306.21300292015076
3,233,233,7.027057647705078,32.87322235107422,7.013011078039805,24.118695497512817,93273,93360,310.63276290893555
3,234,234,7.629552841186523,20.012067794799805,7.0255935630019835,24.03488676888602,95672,95760,318.1189384460449
3,235,235,6.593084335327148,22.608882904052734,7.016943378448486,24.006366691589356,98070,98160,326.251583814621
3,236,236,6.511131286621094,35.01237106323242,7.007025494295008,24.222170698876475,99606,99696,331.69113636016846
3,237,237,5.171385765075684,10.314448356628418,6.97172473027156,23.954714499987087,102005,102096,339.2955045700073
3,238,238,6.694894790649414,17.21611213684082,6.966501523863594,23.827571059173007,104402,104496,347.366126537323
3,239,239,7.043037414550781,30.352163314819336,6.967918855172616,23.94839684168498,106177,106272,353.59731125831604
3,240,240,5.848904609680176,15.227787017822266,6.947573141618208,23.789840299432928,108577,108672,361.65833616256714
3,241,241,6.896302223205566,28.5946044921875,6.946657589503697,23.875639660017832,110175,110272,367.0709547996521
3,242,242,5.033580780029297,17.576936721801758,6.913094838460286,23.76513609969825,112572,112672,374.4506676197052
3,243,243,6.654597282409668,26.898746490478516,6.908637984045621,23.81916386505653,114636,114736,381.48782658576965
3,244,244,7.263304233551025,33.753238677978516,6.914649276410119,23.98753801442809,115660,115760,385.0856897830963
3,245,245,6.281599998474121,14.317011833190918,6.9040984551111855,23.826362578074136,118060,118160,392.99302673339844
3,246,246,6.23234748840332,27.539947509765625,6.893086144181549,23.887241019577278,119481,119584,397.7363166809082
3,247,247,7.002556800842285,30.491518020629883,6.894851799934141,23.99376161636845,121031,121136,403.29960560798645
3,248,248,6.442200660705566,24.036272048950195,6.8876668612162275,23.994436385139586,122453,122560,408.2217800617218
3,249,249,5.949660301208496,32.49726486206055,6.873010508716106,24.127293080091476,123907,124016,413.6978180408478
3,250,250,6.774591445922852,26.78279685974121,6.871496369288518,24.16814698439378,125794,125904,420.27815294265747
3,251,251,7.169991493225098,28.65549659729004,6.876019022681496,24.236137130043723,127106,127216,425.155779838562
3,252,252,6.1558990478515625,29.80972671508789,6.865270963355677,24.319325034298114,128658,128768,430.7090904712677
3,253,253,6.843194961547852,20.68962860107422,6.8649463162702675,24.265947145574234,129854,129968,435.177054643631
3,254,254,5.84108829498291,16.6855525970459,6.850107794222624,24.15608635501585,132253,132368,442.97966289520264
3,255,255,5.921774864196777,22.434602737426758,6.836845895222255,24.131493731907437,134652,134768,451.1153726577759
3,256,256,6.183966636657715,33.01570129394531,6.8276504127072615,24.2566234158798,136331,136448,457.05714416503906
3,257,257,6.029843330383301,17.6741886138916,6.816569758786096,24.16520071029663,137291,137408,460.6443920135498
3,258,258,5.116479396820068,18.21824073791504,6.793280849718068,24.083735505195513,139691,139808,467.96773505210876
3,259,259,6.669281005859375,32.71284866333008,6.79160517615241,24.2003451424676,141705,141824,474.92359948158264
3,260,260,5.928498268127441,29.03245735168457,6.78009708404541,24.26477330525716,143865,143984,482.3315703868866
3,261,261,5.740450859069824,23.11729621887207,6.766417528453626,24.24967492254157,146265,146384,490.5282392501831
3,262,262,6.614610195159912,22.879653930664062,6.764446004644617,24.231882442127574,147257,147376,493.9306728839874
3,263,263,6.562530994415283,14.73457145690918,6.761857350667317,24.110122044881184,149655,149776,501.4459571838379
3,264,264,6.905177116394043,19.137046813964844,6.763671524917023,24.047171725502498,151541,151664,508.00277376174927
3,265,265,6.426925182342529,28.725513458251953,6.759462195634842,24.105650997161867,152290,152416,510.8603491783142
3,266,266,6.735918045043945,23.50391387939453,6.759171527109029,24.098222143856095,154016,154144,516.6562201976776
3,267,267,5.874950408935547,9.451873779296875,6.748388342741059,23.91960813941025,156412,156544,524.1327223777771
3,268,268,6.818422317504883,23.867570877075195,6.749232125569539,23.91898118444236,157196,157328,527.0460550785065
3,269,269,6.454057693481445,23.51163101196289,6.745718144235157,23.914131777627126,158026,158160,530.0944626331329
3,270,270,6.025474548339844,18.827157974243164,6.7372446901658005,23.85428502699908,160423,160560,538.2104048728943
3,271,271,7.169585227966309,34.92362594604492,6.74227190572162,23.982998293499612,161782,161920,542.7891712188721
3,272,272,6.264669895172119,13.571608543395996,6.736782227439442,23.8633271469467,164176,164320,550.6487240791321
3,273,273,6.685385227203369,21.036758422851562,6.736198170618578,23.831207047809254,166569,166720,558.1418349742889
3,274,274,5.9137115478515625,15.740927696228027,6.726956747890858,23.74030503262295,168967,169120,565.2731013298035
3,275,275,4.994226932525635,15.67782974243164,6.7077041943868005,23.650721973843044,171174,171328,572.6582896709442
3,276,276,5.287102699279785,16.154827117919922,6.692093188946064,23.568349502898833,173573,173728,580.2964222431183
3,277,277,7.042593002319336,29.986265182495117,6.695902969526208,23.638109455937926,175140,175296,585.7763667106628
4,278,278,6.3792243003845215,30.602888107299805,6.3792243003845215,30.602888107299805,590,592,2.8179428577423096
4,279,279,5.8701677322387695,27.32847023010254,6.1246960163116455,28.965679168701172,2126,2128,8.153167963027954
4,280,280,6.475369930267334,13.015685081481934,6.241587320963542,23.649014472961426,4525,4528,16.09190821647644
4,281,281,6.029787540435791,15.85299015045166,6.188637375831604,21.700008392333984,6797,6800,23.71892809867859
4,282,282,7.3140645027160645,34.18398666381836,6.413722801208496,24.19680404663086,9192,9200,31.825846195220947
4,283,283,6.552225112915039,29.644567489624023,6.436806519826253,25.104764620463055,10887,10896,37.87446880340576
4,284,284,6.183170318603516,21.21074676513672,6.400572776794434,24.548476355416433,11717,11728,41.12389135360718
4,285,285,5.00441837310791,7.3341169357299805,6.226053476333618,22.396681427955627,14114,14128,48.875476360321045
4,286,286,5.424576759338379,16.658010482788086,6.137000507778591,21.75905132293701,16514,16528,56.22699761390686
4,287,287,6.8597259521484375,25.12181854248047,6.209273052215576,22.095328044891357,18258,18272,62.37760329246521
4,288,288,5.823663234710693,24.559961318969727,6.174217614260587,22.319385615262117,19712,19728,67.83345985412598
4,289,289,4.761727333068848,9.022903442382812,6.056510090827942,21.211345434188843,22112,22128,75.89976334571838
4,290,290,5.804269790649414,14.620389938354492,6.037106990814209,20.7043488575862,24509,24528,84.12169432640076
4,291,291,6.777868747711182,19.93924903869629,6.090018544878278,20.649698870522634,26906,26928,92.24067783355713
4,292,292,6.708527565002441,20.538240432739258,6.131252479553223,20.642268308003743,29305,29328,99.50811553001404
4,293,293,6.733165740966797,22.86226463317871,6.168872058391571,20.78101807832718,31191,31216,106.13591456413269
4,294,294,5.303107261657715,13.413459777832031,6.117944717407227,20.34763229594511,33590,33616,113.37656474113464
4,295,295,5.246983528137207,16.550487518310547,6.069557984670003,20.136679808298748,35986,36016,120.64306473731995
4,296,296,6.039189338684082,25.7161922454834,6.06795963488127,20.430338357624255,37505,37536,126.28344750404358
4,297,297,5.970846176147461,23.262235641479492,6.06310396194458,20.571933221817016,39904,39936,134.35640740394592
4,298,298,5.796135425567627,12.636941909790039,6.050391174498058,20.194076492672874,42294,42336,142.46314692497253
4,299,299,6.049127578735352,21.6112003326416,6.050333738327026,20.258491212671455,44390,44432,149.74251317977905
4,300,300,7.199581623077393,28.15390396118164,6.100301037663999,20.60177002782407,45414,45456,153.35516786575317
4,301,301,5.281052589416504,13.508861541748047,6.0661656856536865,20.306232174237568,47621,47664,160.78166031837463
4,302,302,5.627279281616211,12.644654273986816,6.048610229492187,19.99976905822754,50019,50064,168.5343301296234
4,303,303,5.4830121994018555,12.887178421020508,6.026856459104097,19.72620787987342,52418,52464,176.27734756469727
4,304,304,5.974708080291748,23.655309677124023,6.024925037666604,19.87173016866048,53841,53888,181.31490516662598
4,305,305,6.30510139465332,24.590721130371094,6.034931336130414,20.040265560150146,55616,55664,187.62075185775757
4,306,306,6.435111045837402,16.01820945739746,6.048730636465138,19.901573970400054,58010,58064,195.12402844429016
4,307,307,6.458828926086426,20.431682586669922,6.062400579452515,19.919244257609048,59273,59328,199.85417413711548
4,308,308,6.579137802124023,24.852149963378906,6.079069522119338,20.078370248117754,60489,60544,203.81828904151917
4,309,309,5.655824661254883,16.141448974609375,6.065843120217323,19.955341458320618,62888,62944,211.0808882713318
4,310,310,5.8021063804626465,19.112442016601562,6.057851097800515,19.929799050995797,64357,64416,215.7375717163086
4,311,311,5.920804023742676,17.552066802978516,6.053820301504696,19.859865749583523,66755,66816,223.78581595420837
4,312,312,6.736401081085205,41.245933532714844,6.073322609492711,20.47089625767299,68098,68160,228.07852506637573
4,313,313,6.41233491897583,21.633459091186523,6.082739618089464,20.503189669715034,69200,69264,232.1421058177948
4,314,314,7.129739761352539,24.741878509521484,6.111036919258736,20.61774882754764,70512,70576,236.62170720100403
4,315,315,6.361603736877441,15.016170501708984,6.117630782880281,20.47033887160452,72911,72976,243.928715467453
4,316,316,6.74669075012207,14.531450271606445,6.133760525630071,20.318059676732773,75180,75248,251.58676171302795
4,317,317,6.706374168395996,25.32895278930664,6.148075866699219,20.44333200454712,75964,76032,254.54446697235107
4,318,318,5.72886323928833,20.795732498168945,6.137851168469685,20.451927138537897,77370,77440,259.01167154312134
4,319,319,6.493984222412109,30.81138038635254,6.146330526896885,20.698580787295388,78730,78800,264.00229382514954
4,320,320,5.877864837646484,16.902366638183594,6.140087138774783,20.610296737316045,81129,81200,271.7718470096588
4,321,321,6.631038665771484,20.02621078491211,6.1512451280247085,20.59702205657959,83177,83248,278.6862139701843
4,322,322,6.443325042724609,26.32769775390625,6.157735792795817,20.724370405409072,83673,83744,281.07728600502014
4,323,323,6.254012107849121,20.169689178466797,6.159828756166541,20.712312117866848,85319,85392,286.9269771575928
4,324,324,5.904156684875488,11.105253219604492,6.154388924862476,20.50790660939318,87714,87792,294.4806249141693
4,325,325,5.600597381591797,17.483612060546875,6.142851601044337,20.44490047295888,90114,90192,302.320987701416
4,326,326,7.071161270141602,19.481870651245117,6.161796696332036,20.42524680312799,91535,91616,307.3861470222473
4,327,327,5.368282318115234,17.453617095947266,6.1459264087677,20.365814208984375,93935,94016,315.4382972717285
4,328,328,5.190670013427734,14.51856803894043,6.127195891212015,20.25116232329724,96333,96416,323.5048894882202
4,329,329,5.877702713012695,20.326704025268555,6.122397945477412,20.252615048335148,97325,97408,326.90656065940857
4,330,330,6.401051998138428,20.072534561157227,6.127655569112526,20.249217303294056,99180,99264,333.11422634124756
4,331,331,6.067874908447266,21.689727783203125,6.126548519840947,20.275893423292374,99929,100016,335.9543752670288
4,332,332,6.273819923400879,14.539278984069824,6.129226181723855,20.171591342579234,100889,100976,339.5570433139801
4,333,333,5.9647321701049805,15.912957191467285,6.126288788659232,20.09554430416652,103287,103376,347.14568185806274
4,334,334,5.7719316482543945,30.665672302246094,6.120071996722305,20.28098514623809,105447,105536,354.73570251464844
4,335,335,5.4028167724609375,21.384296417236328,6.107705527338489,20.300007754358752,107844,107936,362.1893000602722
4,336,336,5.946147441864014,15.003448486328125,6.104967254703328,20.210235563375182,110242,110336,369.3911850452423
4,337,337,6.305089950561523,20.594532012939453,6.108302632967631,20.216640504201255,112015,112112,375.6763958930969
4,338,338,6.578760147094727,15.462947845458984,6.11601505123201,20.13871111635302,114413,114512,383.6794261932373
4,339,339,6.769299030303955,26.220661163330078,6.126551889604138,20.23680708485265,116012,116112,389.00159192085266
4,340,340,6.1987199783325195,19.57648277282715,6.127697414822048,20.22632574656653,118412,118512,396.98849153518677
4,341,341,5.428850173950195,19.078338623046875,6.116777926683426,20.208388447761536,120809,120912,404.52001690864563
4,342,342,6.656546115875244,21.239038467407227,6.125082052670992,20.22424460190993,122003,122112,408.9874231815338
4,343,343,5.475341320037842,8.03385066986084,6.115237496115944,20.03954166354555,124403,124512,416.3629267215729
4,344,344,6.449015140533447,27.223426818847656,6.120219252002773,20.146763830042598,126417,126528,423.05821681022644
4,345,345,5.226781845092773,10.63162899017334,6.107080466607037,20.00683537651511,128815,128928,430.4392476081848
4,346,346,6.092888832092285,22.877782821655273,6.106874790744505,20.04844331050265,130879,130992,437.5376100540161
4,347,347,7.383907794952393,22.658145904541016,6.125118119376046,20.085724776131766,132013,132128,441.77489733695984
4,348,348,5.677663803100586,15.136300086975098,6.118815945907378,20.016014569242234,134410,134528,449.9391782283783
4,349,349,5.90340518951416,12.562862396240234,6.115824129846361,19.91249856683943,136805,136928,457.9190776348114
4,350,350,6.119403839111328,12.827834129333496,6.11587316695958,19.815448369065376,139204,139328,465.804904460907
4,351,351,4.750957489013672,11.398213386535645,6.097428360500851,19.701701950382542,141601,141728,473.21984934806824
4,352,352,6.3155317306518555,25.511127471923828,6.100336405436198,19.779160957336426,142831,142960,477.6424882411957
4,353,353,5.516911506652832,12.496603965759277,6.092659762031154,19.6833378390262,145230,145360,484.84489011764526
4,354,354,5.032781600952148,12.376505851745605,6.07889511058857,19.588443917113466,147629,147760,491.98580169677734
4,355,355,6.890157222747803,27.81125831604004,6.089295906898303,19.693864614535602,149180,149312,497.2705659866333
4,356,356,6.4659223556518555,27.80082893371582,6.094063330300247,19.796484416044212,150108,150240,500.4831922054291
4,357,357,6.021995544433594,6.40815544128418,6.093162482976913,19.62913030385971,152503,152640,508.5187861919403
4,358,358,5.485085964202881,14.023408889770508,6.085655365461185,19.559923866648735,154901,155040,516.6766755580902
4,359,359,5.784466743469238,20.38782501220703,6.081982333485673,19.57002022208237,157298,157440,524.2960548400879
4,360,360,5.532930374145508,19.9299373626709,6.075367249638202,19.574356573173798,159138,159280,530.9450933933258
4,361,361,6.050550937652588,18.473913192749023,6.075071817352658,19.56125605674017,160273,160416,534.8368360996246
4,362,362,6.523255348205566,22.996173858642578,6.080344564774457,19.60166685440961,161678,161824,539.655437707901
4,363,363,6.038302421569824,26.826215744018555,6.079855702644171,19.685673236846924,163214,163360,544.9078960418701
4,364,364,5.4473981857299805,23.646738052368164,6.072586076012973,19.7312027174851,165614,165760,553.1155526638031
4,365,365,5.993765354156494,11.158910751342773,6.071690385991877,19.633790308778938,168013,168160,560.583093881607
4,366,366,5.647862911224365,31.102821350097656,6.066928279533815,19.762655826097124,169500,169648,565.9946296215057
4,367,367,6.021649360656738,24.197874069213867,6.06642518043518,19.81193602879842,171067,171216,571.7809765338898
4,368,368,6.440850257873535,25.19638442993164,6.070539741725712,19.871105791448237,172809,172960,577.9588992595673
4,369,369,6.101679801940918,18.151126861572266,6.070878220641094,19.85241036829741,175204,175360,585.6791839599609
5,370,370,5.632262229919434,17.033893585205078,5.632262229919434,17.033893585205078,2398,2400,7.3519556522369385
5,371,371,6.432947158813477,22.577392578125,6.032604694366455,19.80564308166504,4494,4496,14.598635911941528
5,372,372,5.219536304473877,13.63135814666748,5.761581897735596,17.74754810333252,6893,6896,21.898436546325684
5,373,373,6.334347724914551,23.114795684814453,5.9047733545303345,19.089359998703003,7677,7680,24.856486082077026
5,374,374,5.72556209564209,18.943269729614258,5.868931102752685,19.060141944885252,9517,9520,31.143544912338257
5,375,375,5.655863285064697,12.185160636901855,5.8334197998046875,17.91431172688802,11914,11920,39.23085331916809
5,376,376,5.94730806350708,25.72418975830078,5.8496895517621725,19.030008588518417,13466,13472,44.955127000808716
5,377,377,5.891554355621338,17.64020347595215,5.854922652244568,18.856282949447632,15514,15520,51.78076767921448
5,378,378,5.78322696685791,15.429325103759766,5.8469564649793835,18.475509855482315,16474,16480,55.37519359588623
5,379,379,6.1470537185668945,19.409212112426758,5.876966190338135,18.568880081176758,18121,18128,61.416590452194214
5,380,380,5.1990814208984375,17.04607391357422,5.815340302207253,18.430443156849254,20520,20528,69.53945136070251
5,381,381,5.4478044509887695,12.400566101074219,5.784712314605713,17.927953402201336,22916,22928,77.63101935386658
5,382,382,5.997199058532715,12.910942077636719,5.8010574487539435,17.542029454157902,25311,25328,85.6572585105896
5,383,383,5.5024518966674805,17.420188903808594,5.779728480747768,17.53332655770438,27710,27728,93.70050477981567
5,384,384,5.360330581665039,11.425713539123535,5.751768620808919,17.126152356465656,30107,30128,101.56442260742188
5,385,385,5.529699325561523,23.886526107788086,5.737889289855957,17.54867571592331,32267,32288,109.04414653778076
5,386,386,5.536157131195068,18.159130096435547,5.726022692287669,17.58458479712991,33689,33712,113.99159502983093
5,387,387,5.490078449249268,9.219942092895508,5.712914678785536,17.119882424672443,36087,36112,121.91379952430725
5,388,388,5.242074012756348,14.515387535095215,5.688133591099789,16.982803746273643,38484,38512,129.43464732170105
5,389,389,4.716071128845215,12.299712181091309,5.63953046798706,16.748649168014527,40880,40912,136.73161673545837
5,390,390,5.452810287475586,18.34516143798828,5.6306390308198475,16.8246735618228,43279,43312,144.89058685302734
5,391,391,5.443903923034668,20.46877670288086,5.622151071375066,16.990314613689076,45679,45712,153.0133855342865
5,392,392,6.695807456970215,13.376592636108398,5.668831783792247,16.833196266837742,48078,48112,160.60324025154114
5,393,393,5.327835559844971,14.903971672058105,5.654623607794444,16.752811908721924,50475,50512,168.65989208221436
5,394,394,7.403085708618164,18.00905418395996,5.7245620918273925,16.803061599731446,51606,51648,172.65518045425415
5,395,395,7.233842372894287,22.05817985534668,5.782611333406889,17.005181532639725,52996,53040,177.82598114013672
5,396,396,6.032060623168945,23.389690399169922,5.791850195990668,17.241644823992694,54178,54224,182.17533683776855
5,397,397,5.900408744812012,12.60328483581543,5.795727287020002,17.07598911012922,56568,56624,190.34496021270752
5,398,398,6.2124433517456055,18.256736755371094,5.8100968064932985,17.116704546172045,57832,57888,195.03025126457214
5,399,399,5.2667236328125,18.93552589416504,5.791984367370605,17.177331924438477,60229,60288,202.52295875549316
5,400,400,5.465442657470703,8.632112503051758,5.781450763825448,16.901679685038904,62628,62688,209.68594527244568
5,401,401,4.959285259246826,11.041731834411621,5.755758091807365,16.718556314706802,65028,65088,216.71610260009766
5,402,402,6.551194190979004,20.143550872802734,5.7798622160246875,16.822344028588496,66419,66480,222.0314657688141
5,403,403,5.223514080047607,8.433182716369629,5.763499035554774,16.575603989993823,68818,68880,229.37410950660706
5,404,404,6.159012794494629,10.969194412231445,5.7747994286673405,16.415420859200612,71216,71280,236.56215500831604
5,405,405,6.152523994445801,19.81000328063965,5.7852917777167425,16.5097148153517,72352,72416,240.82876205444336
5,406,406,5.264899253845215,14.337397575378418,5.771227114909404,16.451003538595664,74752,74816,248.02199268341064
5,407,407,5.640596389770508,5.90093994140625,5.767789464247854,16.173370286038047,77147,77216,256.06417322158813
5,408,408,5.556821823120117,23.85763168334961,5.762380037552271,16.370402629558857,78683,78752,260.8969473838806
5,409,409,6.463127613067627,14.119873046875,5.779898726940155,16.31413938999176,80955,81024,268.4775059223175
5,410,410,5.3383307456970215,20.751949310302734,5.769128776178127,16.422378656340808,82425,82496,273.493248462677
5,411,411,6.111616134643555,24.718393325805664,5.777283237093971,16.61990281513759,83015,83088,276.2918870449066
5,412,412,6.308285713195801,18.991317749023438,5.7896321318870365,16.675051999646563,84759,84832,282.33795714378357
5,413,413,5.486579895019531,13.933648109436035,5.782744581049139,16.612747365778144,87156,87232,290.1343777179718
5,414,414,6.099791526794434,10.776958465576172,5.789790068732367,16.483063167995876,89554,89632,298.19326519966125
5,415,415,4.694228172302246,11.267797470092773,5.765973505766495,16.369687826737113,91761,91840,305.30909180641174
5,416,416,6.288266658782959,18.29353141784668,5.777086126043441,16.410620669101146,92591,92672,308.3875095844269
5,417,417,5.635870456695557,18.14722442626953,5.774144132932027,16.446799914042156,94990,95072,315.94817566871643
5,418,418,6.368960380554199,21.949020385742188,5.786283240026357,16.55909012775032,96588,96672,321.4002454280853
5,419,419,6.2564167976379395,22.21844482421875,5.795685911178589,16.67227722167969,97786,97872,325.8639647960663
5,420,420,5.818902015686035,17.708080291748047,5.796141128914029,16.692587085798674,98778,98864,329.2472474575043
5,421,421,5.031881332397461,7.411523342132568,5.781443825134864,16.514105090728172,101177,101264,337.2020299434662
5,422,422,6.286079406738281,27.622329711914062,5.790965251202853,16.72369423452413,102872,102960,343.2085545063019
5,423,423,5.769311904907227,17.166534423828125,5.7905642633084895,16.7318949787705,105270,105360,351.31114196777344
5,424,424,5.222230911254883,17.049442291259766,5.780230929634788,16.737668566270308,106692,106784,356.0390872955322
5,425,425,5.901508808135986,21.14752197265625,5.7823966060365946,16.8164159485272,108292,108384,361.5592043399811
5,426,426,6.339691162109375,21.521766662597656,5.792173703511556,16.898965961054753,109506,109600,365.56269097328186
5,427,427,5.4161376953125,8.773401260375977,5.785690324059848,16.7588700179396,111904,112000,373.24993896484375
5,428,428,5.86130952835083,18.915626525878906,5.786972005488509,16.795425212989418,113967,114064,380.2487196922302
5,429,429,6.3871989250183105,20.9489688873291,5.796975787480672,16.864650940895082,116367,116464,388.36017775535583
5,430,430,5.777156829833984,25.162790298461914,5.7966508865356445,17.000686012330604,117853,117952,393.80065155029297
5,431,431,6.660006523132324,30.531185150146484,5.810575977448495,17.21891986939215,119210,119312,398.3836748600006
5,432,432,5.830859184265137,9.574195861816406,5.81089793311225,17.097575043875075,121609,121712,406.30068016052246
5,433,433,5.032617568969727,11.65514087677002,5.7987373024225235,17.012537010014057,124008,124112,413.60150814056396
5,434,434,6.366107940673828,14.117136001586914,5.807466081472543,16.967992379115177,126277,126384,421.08883714675903
5,435,435,6.719205856323242,26.94196128845215,5.821280320485433,17.11911312016574,127301,127408,424.7091269493103
5,436,436,6.593198776245117,18.99118995666504,5.83280149146692,17.147054565486624,128229,128336,427.97950625419617
5,437,437,6.010286808013916,22.65643310546875,5.835411569651435,17.22807483813342,129747,129856,433.3490881919861
5,438,438,6.446418762207031,17.979597091674805,5.84426674635514,17.238966464996338,132145,132256,440.8032624721527
5,439,439,5.976380825042725,15.912445068359375,5.846154090336391,17.220016159330097,134544,134656,448.7978844642639
5,440,440,6.5741376876831055,20.716060638427734,5.856407380439866,17.26925622241598,136430,136544,455.2853946685791
5,441,441,6.150545120239258,17.248701095581055,5.860492626825969,17.26897073454327,138823,138944,462.7630341053009
5,442,442,6.143157005310059,17.679622650146484,5.864364741599723,17.274596103250165,141222,141344,469.991544008255
5,443,443,5.984658718109131,16.7904109954834,5.8659903358768775,17.268053061253315,142996,143120,476.38877511024475
5,444,444,6.103330612182617,17.8583984375,5.8691548728942875,17.275924332936604,144883,145008,483.07060146331787
5,445,445,6.520098686218262,25.223848342895508,5.877719923069603,17.380502280436065,146450,146576,488.8694791793823
5,446,446,6.183934688568115,21.19359588623047,5.881696738205947,17.430022976615213,146946,147072,491.19900393486023
5,447,447,6.196864128112793,21.74655532836914,5.885737345768855,17.48536313497103,148671,148800,496.9970278739929
5,448,448,6.114933013916016,15.159493446350098,5.8886385567580595,17.455921746507475,151069,151200,504.78409934043884
5,449,449,7.042160987854004,24.785314559936523,5.903057587146759,17.547539156675338,152381,152512,509.5584990978241
5,450,450,4.508020401000977,13.264437675476074,5.885834905836317,17.49466136061115,154780,154912,517.3078558444977
5,451,451,6.164339065551758,25.075647354125977,5.889231298027969,17.58711240931255,157175,157312,525.5080120563507
5,452,452,6.3505167961120605,21.782697677612305,5.894788954631392,17.63766162941255,158276,158416,529.6299152374268
5,453,453,5.859219551086426,16.31310272216797,5.894365509351094,17.621893070992968,160675,160816,537.4514439105988
5,454,454,6.208878517150879,30.437129974365234,5.898065662384033,17.77266056397382,162019,162160,542.0600242614746
5,455,455,5.21939754486084,16.4998722076416,5.890174172645391,17.757860699365306,164416,164560,549.5345859527588
5,456,456,5.821354866027832,20.049591064453125,5.889383146132546,17.784202427699647,165165,165312,552.3768765926361
5,457,457,5.809579849243164,14.2620210647583,5.888476290486076,17.744177639484406,167560,167712,559.981302022934
5,458,458,6.265738010406494,19.834989547729492,5.8927151862155185,17.76766990811637,169335,169488,566.3057515621185
5,459,459,5.476639270782471,17.43764877319336,5.888092120488484,17.764003006617227,170789,170944,571.4438955783844
5,460,460,4.974519729614258,5.473456859588623,5.878052863445911,17.628942059946585,173189,173344,578.8310103416443
5,461,461,6.575749397277832,28.568397521972656,5.885636521422344,17.747849184533823,175204,175360,585.8241600990295
